<?xml version="1.0" encoding="UTF-8"?>
<project-private xmlns="http://www.netbeans.org/ns/project-private/1">
    <editor-bookmarks xmlns="http://www.netbeans.org/ns/editor-bookmarks/2" lastBookmarkId="0"/>
    <open-files xmlns="http://www.netbeans.org/ns/projectui-open-files/2">
        <group>
            <file>file:/D:/1gas/pbo/PrakPBO/library_system/src/source_code/Here/Home.java</file>
            <file>file:/D:/1gas/pbo/PrakPBO/library_system/src/source_code/Here/Pengembalian.java</file>
            <file>file:/D:/1gas/pbo/PrakPBO/library_system/src/source_code/Here/Peminjaman.java</file>
            <file>file:/D:/1gas/pbo/PrakPBO/library_system/src/source_code/Here/DekstopPane.java</file>
            <file>file:/D:/1gas/pbo/PrakPBO/library_system/src/source_code/Here/Perpanjang.java</file>
        </group>
    </open-files>
</project-private>
